lead_time_hr,threshold_mm,window_gridpts,window_km,n_samples,fss_avg
6,5,1,28,485,0.4511
6,10,1,28,485,0.2575
6,20,1,28,485,0.1032
6,50,1,28,485,0.0296
12,5,1,28,485,0.4363
12,10,1,28,485,0.2537
12,20,1,28,485,0.1007
12,50,1,28,485,0.0238
18,5,1,28,485,0.4281
18,10,1,28,485,0.2483
18,20,1,28,485,0.0977
18,50,1,28,485,0.0208
24,5,1,28,485,0.4231
24,10,1,28,485,0.2414
24,20,1,28,485,0.0919
24,50,1,28,485,0.0207
30,5,1,28,485,0.4115
30,10,1,28,485,0.2287
30,20,1,28,485,0.0818
30,50,1,28,485,0.0191
36,5,1,28,485,0.4081
36,10,1,28,485,0.2216
36,20,1,28,485,0.0787
36,50,1,28,485,0.0179
42,5,1,28,485,0.4011
42,10,1,28,485,0.2164
42,20,1,28,485,0.0745
42,50,1,28,485,0.0162
48,5,1,28,485,0.3951
48,10,1,28,485,0.2117
48,20,1,28,485,0.0725
48,50,1,28,485,0.0134
